[
    {
        "_id": "Cerveja"
    },
    {
        "_id": "Ma\u00e7\u00e3"
    },
    {
        "_id": "Banana"
    },
    {
        "_id": "Tomate"
    },
    {
        "_id": "Mortadela"
    },
    {
        "_id": "Macarr\u00e3o"
    },
    {
        "_id": "Laranja"
    },
    {
        "_id": "Carne"
    },
    {
        "_id": "Refrigerante"
    },
    {
        "_id": "Detergente"
    },
    {
        "_id": "Bolacha"
    },
    {
        "_id": "Sabonete"
    }
]